{"cameraMode":{"drawMode":0,"name":"Shaded","section":"Shading Mode"},"sceneLighting":false,"audioPlay":false,"sceneViewState":{"m_AlwaysRefresh":false,"showFog":true,"showSkybox":false,"showFlares":true,"showImageEffects":true,"showParticleSystems":true,"showVisualEffectGraphs":true,"m_FxEnabled":true},"in2DMode":false,"pivot":{"x":-0.11562801897525788,"y":-0.1411779224872589,"z":-0.5282565951347351},"rotation":{"x":-0.05398138612508774,"y":0.010182013735175133,"z":-0.0005391614977270365,"w":-0.998500645160675},"size":3.312952995300293,"orthographic":false}