{"cameraMode":{"drawMode":0,"name":"Shaded","section":"Shading Mode"},"sceneLighting":false,"audioPlay":false,"sceneViewState":{"m_AlwaysRefresh":false,"showFog":true,"showSkybox":false,"showFlares":true,"showImageEffects":true,"showParticleSystems":true,"showVisualEffectGraphs":true,"m_FxEnabled":true},"in2DMode":false,"pivot":{"x":3.1600000858306886,"y":0.13263988494873048,"z":-1.7004181146621705},"rotation":{"x":-0.03179355338215828,"y":-0.026387633755803109,"z":0.000839756743516773,"w":-0.9991525411605835},"size":1.230115294456482,"orthographic":false}